"30.187.180.30 - - [22/Jan/2020:00:02:15 -0700] ""GET /search/tag/list HTTP/1.0"" 200 4911 ""http://www.smith.com/"" ""Mozilla/5.0 (X11; Linux i686) AppleWebKit/5312 (KHTML, like Gecko) Chrome/15.0.834.0 Safari/5312"""
"249.45.104.119 - - [22/Jan/2020:00:05:57 -0700] ""GET /wp-content HTTP/1.0"" 200 4967 ""http://stewart.com/"" ""Mozilla/5.0 (X11; Linux i686) AppleWebKit/5322 (KHTML, like Gecko) Chrome/15.0.846.0 Safari/5322"""
"3.236.12.15 - - [22/Jan/2020:00:07:48 -0700] ""GET /wp-admin HTTP/1.0"" 200 4916 ""http://www.yang-nielsen.com/register/"" ""Mozilla/5.0 (X11; Linux i686; rv:1.9.5.20) Gecko/2013-04-03 06:04:57 Firefox/4.0"""
"221.21.194.99 - - [22/Jan/2020:00:09:29 -0700] ""GET /wp-admin HTTP/1.0"" 200 5052 ""http://davis.com/"" ""Mozilla/5.0 (Windows NT 6.2; sl-SI; rv:1.9.1.20) Gecko/2016-05-24 03:04:31 Firefox/3.8"""
"182.37.232.87 - - [22/Jan/2020:00:10:10 -0700] ""GET /posts/posts/explore HTTP/1.0"" 200 4988 ""http://singleton.biz/author.htm"" ""Mozilla/5.0 (Windows NT 6.1) AppleWebKit/5350 (KHTML, like Gecko) Chrome/13.0.816.0 Safari/5350"""
"15.148.119.170 - - [22/Jan/2020:00:14:42 -0700] ""PUT /wp-admin HTTP/1.0"" 200 5008 ""http://alvarez.net/about/"" ""Mozilla/5.0 (Macintosh; PPC Mac OS X 10_6_8 rv:2.0; en-US) AppleWebKit/534.48.7 (KHTML, like Gecko) Version/4.0.2 Safari/534.48.7"""
"234.236.193.109 - - [22/Jan/2020:00:16:38 -0700] ""GET /list HTTP/1.0"" 200 4950 ""http://www.west.com/search.html"" ""Mozilla/5.0 (Macintosh; PPC Mac OS X 10_7_4; rv:1.9.3.20) Gecko/2016-04-20 16:49:38 Firefox/3.6.15"""
"158.48.143.214 - - [22/Jan/2020:00:19:41 -0700] ""GET /app/main/posts HTTP/1.0"" 200 5074 ""http://www.tucker.biz/about/"" ""Mozilla/5.0 (Macintosh; Intel Mac OS X 10_5_4; rv:1.9.2.20) Gecko/2012-07-17 01:05:39 Firefox/7.0"""
"177.136.48.71 - - [22/Jan/2020:00:21:25 -0700] ""GET /list HTTP/1.0"" 200 4968 ""http://thomas.com/login.htm"" ""Mozilla/5.0 (Windows 98; en-US; rv:1.9.1.20) Gecko/2015-11-04 08:06:13 Firefox/14.0"""
"125.2.226.69 - - [22/Jan/2020:00:25:46 -0700] ""PUT /list HTTP/1.0"" 200 4970 ""http://sawyer.net/wp-content/author/"" ""Mozilla/5.0 (Macintosh; U; PPC Mac OS X 10_5_8; rv:1.9.4.20) Gecko/2014-04-12 03:34:15 Firefox/3.6.18"""
"89.52.179.41 - - [22/Jan/2020:00:29:19 -0700] ""GET /posts/posts/explore HTTP/1.0"" 200 4997 ""http://www.padilla.org/post.asp"" ""Mozilla/5.0 (X11; Linux i686; rv:1.9.5.20) Gecko/2015-04-24 20:57:11 Firefox/3.8"""
"28.20.66.113 - - [22/Jan/2020:00:33:28 -0700] ""GET /wp-content HTTP/1.0"" 200 4970 ""http://mullen.org/tag/explore/about/"" ""Mozilla/5.0 (Macintosh; PPC Mac OS X 10_7_8) AppleWebKit/5340 (KHTML, like Gecko) Chrome/13.0.857.0 Safari/5340"""
"66.100.104.139 - - [22/Jan/2020:00:37:48 -0700] ""GET /search/tag/list HTTP/1.0"" 200 4907 ""http://www.davis.info/about/"" ""Mozilla/5.0 (X11; Linux i686; rv:1.9.7.20) Gecko/2017-11-08 08:16:03 Firefox/7.0"""
"133.247.79.161 - - [22/Jan/2020:00:38:56 -0700] ""GET /wp-content HTTP/1.0"" 200 4951 ""http://nelson.com/blog/main/posts/home.php"" ""Mozilla/5.0 (Macintosh; U; PPC Mac OS X 10_7_8 rv:6.0; it-IT) AppleWebKit/533.29.5 (KHTML, like Gecko) Version/4.0 Safari/533.29.5"""
"180.45.130.52 - - [22/Jan/2020:00:41:33 -0700] ""GET /wp-content HTTP/1.0"" 200 5030 ""http://www.casey-webster.info/main.php"" ""Mozilla/5.0 (Macintosh; Intel Mac OS X 10_6_9) AppleWebKit/5320 (KHTML, like Gecko) Chrome/14.0.895.0 Safari/5320"""
"68.142.0.38 - - [22/Jan/2020:00:46:06 -0700] ""GET /explore HTTP/1.0"" 404 4912 ""http://www.williams-hansen.com/"" ""Mozilla/5.0 (Macintosh; U; PPC Mac OS X 10_6_9; rv:1.9.2.20) Gecko/2011-11-05 12:20:40 Firefox/8.0"""
"107.118.239.36 - - [22/Jan/2020:00:49:32 -0700] ""DELETE /wp-admin HTTP/1.0"" 200 4992 ""http://www.tran.net/main/wp-content/category/"" ""Mozilla/5.0 (X11; Linux x86_64; rv:1.9.6.20) Gecko/2015-05-03 05:20:08 Firefox/15.0"""
"64.46.184.66 - - [22/Jan/2020:00:52:25 -0700] ""GET /app/main/posts HTTP/1.0"" 200 5056 ""http://www.bridges.com/"" ""Mozilla/5.0 (Macintosh; PPC Mac OS X 10_5_4) AppleWebKit/5342 (KHTML, like Gecko) Chrome/13.0.843.0 Safari/5342"""
"220.92.91.101 - - [22/Jan/2020:00:56:10 -0700] ""PUT /app/main/posts HTTP/1.0"" 200 5039 ""http://www.huffman.org/privacy/"" ""Mozilla/5.0 (X11; Linux x86_64; rv:1.9.6.20) Gecko/2012-06-22 03:24:05 Firefox/5.0"""
"75.185.100.164 - - [22/Jan/2020:01:00:32 -0700] ""GET /wp-admin HTTP/1.0"" 200 4985 ""http://nelson.org/app/explore/blog/privacy/"" ""Mozilla/5.0 (Macintosh; Intel Mac OS X 10_8_8 rv:6.0; en-US) AppleWebKit/535.31.5 (KHTML, like Gecko) Version/5.0.5 Safari/535.31.5"""
"80.4.253.143 - - [22/Jan/2020:01:03:36 -0700] ""GET /list HTTP/1.0"" 200 5029 ""http://franklin-salas.com/"" ""Mozilla/5.0 (Macintosh; U; Intel Mac OS X 10_6_4 rv:2.0; en-US) AppleWebKit/532.47.7 (KHTML, like Gecko) Version/5.0 Safari/532.47.7"""
"139.137.76.161 - - [22/Jan/2020:01:05:22 -0700] ""GET /apps/cart.jsp?appID=7186 HTTP/1.0"" 200 5064 ""http://www.hunter.org/app/search/search.htm"" ""Mozilla/5.0 (Macintosh; U; Intel Mac OS X 10_7_2 rv:5.0; sl-SI) AppleWebKit/535.36.7 (KHTML, like Gecko) Version/5.0.2 Safari/535.36.7"""
"63.255.45.35 - - [22/Jan/2020:01:07:58 -0700] ""POST /apps/cart.jsp?appID=4437 HTTP/1.0"" 200 5044 ""http://rodriguez.com/faq/"" ""Mozilla/5.0 (X11; Linux x86_64; rv:1.9.7.20) Gecko/2018-01-15 00:56:50 Firefox/3.8"""
"90.35.123.167 - - [22/Jan/2020:01:12:52 -0700] ""GET /explore HTTP/1.0"" 200 5061 ""http://www.carter.com/about/"" ""Mozilla/5.0 (compatible; MSIE 6.0; Windows 98; Trident/3.0)"""
"38.216.144.98 - - [22/Jan/2020:01:17:38 -0700] ""GET /posts/posts/explore HTTP/1.0"" 500 4981 ""http://www.wheeler-ross.com/about/"" ""Mozilla/5.0 (X11; Linux i686; rv:1.9.5.20) Gecko/2018-12-10 10:17:50 Firefox/3.8"""
"240.35.67.245 - - [22/Jan/2020:01:20:04 -0700] ""GET /apps/cart.jsp?appID=9322 HTTP/1.0"" 200 5017 ""http://rich.com/categories/category/author.html"" ""Mozilla/5.0 (X11; Linux i686; rv:1.9.5.20) Gecko/2019-04-15 16:35:52 Firefox/3.6.20"""
"81.92.209.178 - - [22/Jan/2020:01:25:04 -0700] ""GET /list HTTP/1.0"" 200 5028 ""http://www.sullivan.org/"" ""Mozilla/5.0 (Macintosh; Intel Mac OS X 10_8_7; rv:1.9.6.20) Gecko/2016-01-26 06:38:02 Firefox/3.6.20"""
"226.31.88.86 - - [22/Jan/2020:01:28:50 -0700] ""GET /wp-admin HTTP/1.0"" 200 5012 ""http://www.morales.com/category/main/categories/post/"" ""Mozilla/5.0 (X11; Linux x86_64; rv:1.9.5.20) Gecko/2015-08-29 10:05:35 Firefox/3.8"""
"18.94.117.63 - - [22/Jan/2020:01:31:57 -0700] ""POST /app/main/posts HTTP/1.0"" 200 5009 ""http://www.cain-williams.com/search/author.html"" ""Mozilla/5.0 (Macintosh; U; Intel Mac OS X 10_5_7; rv:1.9.6.20) Gecko/2017-06-14 00:47:00 Firefox/13.0"""
"106.88.254.91 - - [22/Jan/2020:01:33:39 -0700] ""GET /list HTTP/1.0"" 200 4983 ""http://www.weeks.net/app/tags/search/category.jsp"" ""Mozilla/5.0 (iPod; U; CPU iPhone OS 4_3 like Mac OS X; en-US) AppleWebKit/531.31.5 (KHTML, like Gecko) Version/4.0.5 Mobile/8B112 Safari/6531.31.5"""
"155.216.46.184 - - [22/Jan/2020:01:38:21 -0700] ""GET /search/tag/list HTTP/1.0"" 200 5106 ""http://kelly.com/wp-content/author.php"" ""Mozilla/5.0 (Macintosh; Intel Mac OS X 10_6_1; rv:1.9.6.20) Gecko/2015-12-31 10:53:46 Firefox/3.8"""
"167.229.224.126 - - [22/Jan/2020:01:39:23 -0700] ""PUT /wp-admin HTTP/1.0"" 301 5024 ""http://www.reilly.com/explore/explore/faq.html"" ""Mozilla/5.0 (Macintosh; U; PPC Mac OS X 10_6_9 rv:2.0; sl-SI) AppleWebKit/535.23.6 (KHTML, like Gecko) Version/5.0.1 Safari/535.23.6"""
"135.183.107.2 - - [22/Jan/2020:01:43:47 -0700] ""GET /posts/posts/explore HTTP/1.0"" 200 4983 ""http://www.snow.com/search/main/about.htm"" ""Mozilla/5.0 (Macintosh; PPC Mac OS X 10_7_5; rv:1.9.6.20) Gecko/2014-04-23 00:26:38 Firefox/3.6.11"""
"99.123.202.236 - - [22/Jan/2020:01:48:34 -0700] ""GET /wp-content HTTP/1.0"" 200 5082 ""http://www.daniel-hinton.com/explore/main/privacy/"" ""Mozilla/5.0 (Windows NT 6.0; it-IT; rv:1.9.1.20) Gecko/2011-12-04 00:06:35 Firefox/9.0"""
"73.100.162.2 - - [22/Jan/2020:01:51:03 -0700] ""GET /explore HTTP/1.0"" 200 4974 ""http://burns.net/search/wp-content/category/category/"" ""Opera/9.60.(X11; Linux x86_64; sl-SI) Presto/2.9.172 Version/10.00"""
"246.138.42.69 - - [22/Jan/2020:01:53:04 -0700] ""GET /wp-content HTTP/1.0"" 200 4998 ""http://www.ramirez-gallagher.com/posts/app/main/index/"" ""Mozilla/5.0 (compatible; MSIE 8.0; Windows CE; Trident/3.0)"""
"154.14.138.11 - - [22/Jan/2020:01:55:01 -0700] ""GET /wp-content HTTP/1.0"" 200 4961 ""http://www.koch-smith.com/list/wp-content/tag/faq.jsp"" ""Mozilla/5.0 (iPod; U; CPU iPhone OS 3_2 like Mac OS X; en-US) AppleWebKit/532.38.5 (KHTML, like Gecko) Version/3.0.5 Mobile/8B118 Safari/6532.38.5"""
"215.71.17.201 - - [22/Jan/2020:01:57:54 -0700] ""GET /apps/cart.jsp?appID=3449 HTTP/1.0"" 200 5144 ""http://nelson.com/"" ""Mozilla/5.0 (X11; Linux i686) AppleWebKit/5330 (KHTML, like Gecko) Chrome/14.0.889.0 Safari/5330"""
"75.239.190.1 - - [22/Jan/2020:02:02:15 -0700] ""GET /search/tag/list HTTP/1.0"" 200 4990 ""http://www.price-carter.com/"" ""Mozilla/5.0 (Windows CE) AppleWebKit/5321 (KHTML, like Gecko) Chrome/13.0.884.0 Safari/5321"""
"247.157.134.238 - - [22/Jan/2020:02:04:13 -0700] ""PUT /posts/posts/explore HTTP/1.0"" 200 4972 ""http://www.barber.com/category/posts/faq.asp"" ""Mozilla/5.0 (X11; Linux i686; rv:1.9.7.20) Gecko/2011-10-04 04:14:59 Firefox/3.8"""
"116.130.116.246 - - [22/Jan/2020:02:05:13 -0700] ""POST /app/main/posts HTTP/1.0"" 200 4942 ""http://silva.net/"" ""Mozilla/5.0 (compatible; MSIE 5.0; Windows NT 6.0; Trident/3.1)"""
"53.138.254.224 - - [22/Jan/2020:02:06:18 -0700] ""GET /explore HTTP/1.0"" 200 5001 ""http://walker.com/about.html"" ""Mozilla/5.0 (Macintosh; U; Intel Mac OS X 10_8_0; rv:1.9.4.20) Gecko/2019-04-01 20:53:39 Firefox/3.8"""
"205.202.184.51 - - [22/Jan/2020:02:08:39 -0700] ""PUT /list HTTP/1.0"" 200 5017 ""http://www.lewis-mcdonald.com/search/main/"" ""Mozilla/5.0 (X11; Linux x86_64) AppleWebKit/5330 (KHTML, like Gecko) Chrome/13.0.873.0 Safari/5330"""
"204.16.104.142 - - [22/Jan/2020:02:10:45 -0700] ""POST /wp-admin HTTP/1.0"" 200 4929 ""http://bender-cruz.biz/posts/register/"" ""Mozilla/5.0 (X11; Linux i686; rv:1.9.6.20) Gecko/2014-11-16 14:11:36 Firefox/3.8"""
"87.75.114.222 - - [22/Jan/2020:02:11:52 -0700] ""GET /wp-admin HTTP/1.0"" 200 5019 ""http://clark.com/main.php"" ""Mozilla/5.0 (Windows NT 6.1; sl-SI; rv:1.9.0.20) Gecko/2013-05-04 01:23:48 Firefox/3.8"""
"196.208.74.232 - - [22/Jan/2020:02:13:13 -0700] ""GET /search/tag/list HTTP/1.0"" 301 5031 ""http://www.cannon.com/explore/app/faq/"" ""Mozilla/5.0 (Macintosh; U; Intel Mac OS X 10_7_0; rv:1.9.3.20) Gecko/2017-08-01 01:57:54 Firefox/3.6.3"""
"15.28.213.181 - - [22/Jan/2020:02:14:23 -0700] ""GET /wp-content HTTP/1.0"" 200 4982 ""http://cervantes.com/"" ""Mozilla/5.0 (Macintosh; Intel Mac OS X 10_8_4; rv:1.9.3.20) Gecko/2014-02-28 15:02:52 Firefox/8.0"""
"254.194.152.3 - - [22/Jan/2020:02:18:52 -0700] ""PUT /posts/posts/explore HTTP/1.0"" 200 4975 ""http://thompson.net/explore/index/"" ""Mozilla/5.0 (X11; Linux x86_64; rv:1.9.7.20) Gecko/2011-02-07 23:32:37 Firefox/13.0"""
"66.192.160.143 - - [22/Jan/2020:02:23:09 -0700] ""GET /search/tag/list HTTP/1.0"" 200 4980 ""http://www.holmes.com/login.jsp"" ""Mozilla/5.0 (Windows NT 6.2) AppleWebKit/5360 (KHTML, like Gecko) Chrome/15.0.882.0 Safari/5360"""
"10.139.203.155 - - [22/Jan/2020:02:24:44 -0700] ""PUT /list HTTP/1.0"" 301 5025 ""http://www.thompson-miller.org/login.htm"" ""Mozilla/5.0 (Macintosh; Intel Mac OS X 10_6_5) AppleWebKit/5350 (KHTML, like Gecko) Chrome/14.0.808.0 Safari/5350"""
"201.77.14.193 - - [22/Jan/2020:02:29:02 -0700] ""PUT /wp-admin HTTP/1.0"" 200 5089 ""http://mays-warren.net/"" ""Mozilla/5.0 (Windows NT 5.2) AppleWebKit/5321 (KHTML, like Gecko) Chrome/15.0.840.0 Safari/5321"""
"161.202.255.234 - - [22/Jan/2020:02:33:00 -0700] ""PUT /app/main/posts HTTP/1.0"" 200 5041 ""http://brooks.com/search/search/terms.htm"" ""Mozilla/5.0 (Windows NT 5.2; it-IT; rv:1.9.1.20) Gecko/2013-07-23 01:01:23 Firefox/7.0"""
"41.205.85.98 - - [22/Jan/2020:02:34:32 -0700] ""GET /search/tag/list HTTP/1.0"" 200 5034 ""http://www.clark.com/homepage/"" ""Mozilla/5.0 (X11; Linux i686) AppleWebKit/5351 (KHTML, like Gecko) Chrome/13.0.872.0 Safari/5351"""
"236.70.87.162 - - [22/Jan/2020:02:39:23 -0700] ""DELETE /apps/cart.jsp?appID=3673 HTTP/1.0"" 200 5172 ""http://www.bush.com/terms/"" ""Mozilla/5.0 (Macintosh; U; Intel Mac OS X 10_5_0) AppleWebKit/5311 (KHTML, like Gecko) Chrome/14.0.811.0 Safari/5311"""
"201.237.78.229 - - [22/Jan/2020:02:42:23 -0700] ""GET /explore HTTP/1.0"" 301 4994 ""http://www.brown.com/blog/post.asp"" ""Opera/9.12.(Windows NT 6.2; sl-SI) Presto/2.9.178 Version/12.00"""
"191.157.15.45 - - [22/Jan/2020:02:44:20 -0700] ""GET /posts/posts/explore HTTP/1.0"" 200 4902 ""http://www.ochoa.com/"" ""Opera/9.84.(X11; Linux x86_64; en-US) Presto/2.9.162 Version/11.00"""
"79.71.31.30 - - [22/Jan/2020:02:45:38 -0700] ""GET /wp-admin HTTP/1.0"" 404 5081 ""http://woodard.com/"" ""Mozilla/5.0 (Windows NT 6.1; sl-SI; rv:1.9.0.20) Gecko/2018-03-27 09:44:02 Firefox/3.8"""
"151.56.45.211 - - [22/Jan/2020:02:46:35 -0700] ""DELETE /list HTTP/1.0"" 200 4993 ""http://arnold.com/wp-content/categories/register.jsp"" ""Mozilla/5.0 (Windows CE; it-IT; rv:1.9.1.20) Gecko/2015-03-12 04:31:18 Firefox/3.8"""
"189.176.228.222 - - [22/Jan/2020:02:51:04 -0700] ""GET /wp-admin HTTP/1.0"" 200 4964 ""http://www.adams.com/wp-content/explore/login/"" ""Mozilla/5.0 (Macintosh; PPC Mac OS X 10_8_6) AppleWebKit/5340 (KHTML, like Gecko) Chrome/15.0.897.0 Safari/5340"""
"40.223.68.92 - - [22/Jan/2020:02:54:51 -0700] ""PUT /apps/cart.jsp?appID=6997 HTTP/1.0"" 200 4975 ""http://www.fowler-wong.info/privacy/"" ""Mozilla/5.0 (Macintosh; U; PPC Mac OS X 10_7_9) AppleWebKit/5362 (KHTML, like Gecko) Chrome/13.0.810.0 Safari/5362"""
"238.246.164.128 - - [22/Jan/2020:02:56:42 -0700] ""PUT /list HTTP/1.0"" 200 5018 ""http://koch.biz/"" ""Mozilla/5.0 (Macintosh; U; Intel Mac OS X 10_8_0) AppleWebKit/5322 (KHTML, like Gecko) Chrome/14.0.822.0 Safari/5322"""
"30.109.248.122 - - [22/Jan/2020:02:59:22 -0700] ""GET /explore HTTP/1.0"" 200 4951 ""http://www.chavez-walsh.com/list/category/app/about.html"" ""Mozilla/5.0 (Windows NT 5.1; en-US; rv:1.9.2.20) Gecko/2015-02-04 01:14:32 Firefox/3.6.1"""
"84.39.42.209 - - [22/Jan/2020:03:02:12 -0700] ""GET /wp-admin HTTP/1.0"" 200 4982 ""http://www.zuniga.com/faq.jsp"" ""Opera/8.82.(Windows NT 5.2; sl-SI) Presto/2.9.176 Version/11.00"""
"76.226.163.80 - - [22/Jan/2020:03:07:10 -0700] ""POST /explore HTTP/1.0"" 200 4984 ""http://www.deleon-phillips.com/search.jsp"" ""Mozilla/5.0 (X11; Linux x86_64; rv:1.9.7.20) Gecko/2019-06-27 02:50:57 Firefox/5.0"""
"44.184.204.120 - - [22/Jan/2020:03:08:10 -0700] ""GET /search/tag/list HTTP/1.0"" 200 4962 ""http://smith.com/main/list/faq.htm"" ""Mozilla/5.0 (Windows NT 6.2; en-US; rv:1.9.0.20) Gecko/2017-12-02 09:44:28 Firefox/10.0"""
"211.172.218.6 - - [22/Jan/2020:03:12:12 -0700] ""GET /wp-admin HTTP/1.0"" 200 4975 ""http://www.heath.net/list/main/app/login/"" ""Mozilla/5.0 (Windows NT 5.0) AppleWebKit/5322 (KHTML, like Gecko) Chrome/15.0.810.0 Safari/5322"""
"211.214.112.198 - - [22/Jan/2020:03:15:57 -0700] ""DELETE /apps/cart.jsp?appID=2217 HTTP/1.0"" 200 5027 ""http://www.gonzalez.com/"" ""Mozilla/5.0 (X11; Linux i686) AppleWebKit/5312 (KHTML, like Gecko) Chrome/15.0.882.0 Safari/5312"""
"93.180.162.205 - - [22/Jan/2020:03:16:44 -0700] ""GET /posts/posts/explore HTTP/1.0"" 200 5009 ""http://www.adams.com/search/blog/homepage.htm"" ""Mozilla/5.0 (Windows 95; sl-SI; rv:1.9.1.20) Gecko/2015-02-03 19:51:32 Firefox/11.0"""
"248.233.122.19 - - [22/Jan/2020:03:19:10 -0700] ""POST /search/tag/list HTTP/1.0"" 200 5032 ""http://www.cole.com/"" ""Mozilla/5.0 (Macintosh; PPC Mac OS X 10_8_5; rv:1.9.5.20) Gecko/2017-01-26 23:18:45 Firefox/4.0"""
"133.236.32.184 - - [22/Jan/2020:03:19:51 -0700] ""GET /app/main/posts HTTP/1.0"" 200 4973 ""http://www.green.net/privacy.htm"" ""Mozilla/5.0 (compatible; MSIE 5.0; Windows NT 6.1; Trident/4.1)"""
"112.20.248.110 - - [22/Jan/2020:03:20:56 -0700] ""GET /apps/cart.jsp?appID=5270 HTTP/1.0"" 200 4914 ""http://www.burton.com/tag/post/"" ""Mozilla/5.0 (X11; Linux x86_64; rv:1.9.7.20) Gecko/2016-10-13 17:15:09 Firefox/3.6.3"""
"254.87.236.128 - - [22/Jan/2020:03:22:34 -0700] ""GET /app/main/posts HTTP/1.0"" 200 5107 ""http://www.bell-ramirez.net/main/post/"" ""Mozilla/5.0 (Windows CE) AppleWebKit/5312 (KHTML, like Gecko) Chrome/15.0.838.0 Safari/5312"""
"98.84.146.134 - - [22/Jan/2020:03:26:51 -0700] ""GET /wp-content HTTP/1.0"" 200 5020 ""http://www.henry.biz/author/"" ""Mozilla/5.0 (Macintosh; Intel Mac OS X 10_7_7 rv:4.0; sl-SI) AppleWebKit/531.3.1 (KHTML, like Gecko) Version/5.0 Safari/531.3.1"""
"251.70.180.2 - - [22/Jan/2020:03:30:10 -0700] ""GET /wp-admin HTTP/1.0"" 200 4957 ""http://www.williams.com/main/login.htm"" ""Mozilla/5.0 (X11; Linux i686; rv:1.9.5.20) Gecko/2013-01-08 17:59:29 Firefox/9.0"""
"21.216.249.75 - - [22/Jan/2020:03:31:49 -0700] ""PUT /app/main/posts HTTP/1.0"" 301 5007 ""http://www.mcclure.info/category/explore/author/"" ""Mozilla/5.0 (Macintosh; U; PPC Mac OS X 10_8_4 rv:4.0; it-IT) AppleWebKit/533.18.5 (KHTML, like Gecko) Version/4.0.2 Safari/533.18.5"""
"56.172.71.27 - - [22/Jan/2020:03:36:26 -0700] ""PUT /list HTTP/1.0"" 200 4995 ""http://brown.com/faq.asp"" ""Mozilla/5.0 (Macintosh; U; PPC Mac OS X 10_5_6 rv:4.0; sl-SI) AppleWebKit/532.12.2 (KHTML, like Gecko) Version/5.0.1 Safari/532.12.2"""
"62.136.156.119 - - [22/Jan/2020:03:40:18 -0700] ""GET /app/main/posts HTTP/1.0"" 200 4948 ""http://weaver.net/terms/"" ""Mozilla/5.0 (Macintosh; U; PPC Mac OS X 10_8_1; rv:1.9.6.20) Gecko/2017-12-08 07:43:11 Firefox/3.8"""
"105.52.16.17 - - [22/Jan/2020:03:43:47 -0700] ""GET /wp-content HTTP/1.0"" 200 4921 ""http://www.thompson.com/"" ""Mozilla/5.0 (X11; Linux i686; rv:1.9.5.20) Gecko/2013-08-26 03:31:11 Firefox/11.0"""
"227.150.236.45 - - [22/Jan/2020:03:45:47 -0700] ""PUT /wp-admin HTTP/1.0"" 200 4985 ""http://www.copeland.info/list/search.jsp"" ""Mozilla/5.0 (X11; Linux x86_64; rv:1.9.7.20) Gecko/2014-09-01 03:03:18 Firefox/15.0"""
"251.143.176.83 - - [22/Jan/2020:03:49:07 -0700] ""POST /search/tag/list HTTP/1.0"" 200 5030 ""http://www.evans-miller.biz/"" ""Mozilla/5.0 (Windows 95) AppleWebKit/5352 (KHTML, like Gecko) Chrome/13.0.832.0 Safari/5352"""
"26.143.222.128 - - [22/Jan/2020:03:54:04 -0700] ""PUT /apps/cart.jsp?appID=2673 HTTP/1.0"" 200 4972 ""http://www.castillo.com/category.asp"" ""Mozilla/5.0 (X11; Linux x86_64; rv:1.9.7.20) Gecko/2018-08-23 20:56:08 Firefox/3.8"""
"198.20.147.19 - - [22/Jan/2020:03:58:40 -0700] ""GET /wp-admin HTTP/1.0"" 200 4968 ""http://kline.com/explore/index.html"" ""Mozilla/5.0 (X11; Linux i686; rv:1.9.7.20) Gecko/2013-10-12 02:36:43 Firefox/3.8"""
"35.64.138.199 - - [22/Jan/2020:03:59:14 -0700] ""PUT /wp-content HTTP/1.0"" 200 4963 ""http://www.bailey-williams.net/main.htm"" ""Mozilla/5.0 (X11; Linux i686; rv:1.9.6.20) Gecko/2016-11-09 04:52:17 Firefox/3.6.14"""
"59.117.235.15 - - [22/Jan/2020:04:03:52 -0700] ""GET /wp-admin HTTP/1.0"" 200 5008 ""http://sullivan.com/author.asp"" ""Mozilla/5.0 (X11; Linux i686; rv:1.9.5.20) Gecko/2012-08-10 23:19:26 Firefox/3.6.7"""
"85.149.70.52 - - [22/Jan/2020:04:07:36 -0700] ""GET /explore HTTP/1.0"" 200 4962 ""http://www.bradley.com/login/"" ""Mozilla/5.0 (Windows 98; Win 9x 4.90) AppleWebKit/5342 (KHTML, like Gecko) Chrome/13.0.898.0 Safari/5342"""
"25.161.20.192 - - [22/Jan/2020:04:09:40 -0700] ""GET /search/tag/list HTTP/1.0"" 200 5067 ""http://www.cohen.com/app/main/faq.htm"" ""Mozilla/5.0 (X11; Linux x86_64; rv:1.9.6.20) Gecko/2017-04-16 20:34:14 Firefox/14.0"""
"40.70.248.103 - - [22/Jan/2020:04:10:40 -0700] ""GET /list HTTP/1.0"" 200 5014 ""http://coleman.com/"" ""Mozilla/5.0 (X11; Linux x86_64) AppleWebKit/5332 (KHTML, like Gecko) Chrome/14.0.869.0 Safari/5332"""
"107.103.135.192 - - [22/Jan/2020:04:12:53 -0700] ""GET /wp-admin HTTP/1.0"" 200 4969 ""http://www.cooper.org/main/list/post.html"" ""Mozilla/5.0 (Windows; U; Windows NT 6.1) AppleWebKit/532.4.3 (KHTML, like Gecko) Version/5.0 Safari/532.4.3"""
"34.5.6.98 - - [22/Jan/2020:04:16:51 -0700] ""DELETE /list HTTP/1.0"" 301 4958 ""http://www.carter.org/tags/wp-content/index.php"" ""Mozilla/5.0 (X11; Linux i686; rv:1.9.5.20) Gecko/2017-12-21 15:21:56 Firefox/3.8"""
"147.35.248.107 - - [22/Jan/2020:04:20:59 -0700] ""PUT /wp-admin HTTP/1.0"" 404 4972 ""http://www.reeves-hill.com/category.html"" ""Mozilla/5.0 (Windows 95; sl-SI; rv:1.9.1.20) Gecko/2012-12-04 03:38:53 Firefox/3.8"""
"16.60.236.178 - - [22/Jan/2020:04:25:27 -0700] ""POST /apps/cart.jsp?appID=7054 HTTP/1.0"" 200 5013 ""http://www.phillips-watts.com/index.php"" ""Mozilla/5.0 (Macintosh; Intel Mac OS X 10_8_7; rv:1.9.2.20) Gecko/2014-09-03 13:04:22 Firefox/13.0"""
"73.218.140.187 - - [22/Jan/2020:04:28:19 -0700] ""GET /app/main/posts HTTP/1.0"" 200 5031 ""http://lopez.org/post.html"" ""Mozilla/5.0 (X11; Linux x86_64; rv:1.9.6.20) Gecko/2014-05-10 02:27:29 Firefox/3.6.6"""
"27.47.113.189 - - [22/Jan/2020:04:28:53 -0700] ""GET /wp-admin HTTP/1.0"" 200 4956 ""http://king-cummings.com/privacy.php"" ""Mozilla/5.0 (Macintosh; U; PPC Mac OS X 10_8_4; rv:1.9.4.20) Gecko/2019-03-09 02:29:28 Firefox/11.0"""
"13.230.213.173 - - [22/Jan/2020:04:29:56 -0700] ""GET /wp-content HTTP/1.0"" 200 4987 ""http://garcia.com/posts/main/tags/post/"" ""Mozilla/5.0 (compatible; MSIE 7.0; Windows NT 6.1; Trident/4.1)"""
"3.42.198.31 - - [22/Jan/2020:04:31:43 -0700] ""POST /search/tag/list HTTP/1.0"" 200 5067 ""http://www.young.com/about.html"" ""Mozilla/5.0 (Windows NT 6.2; sl-SI; rv:1.9.1.20) Gecko/2014-10-22 05:45:01 Firefox/3.6.13"""
"142.43.168.4 - - [22/Jan/2020:04:33:27 -0700] ""GET /search/tag/list HTTP/1.0"" 200 4998 ""http://salas-kaufman.org/search/post/"" ""Mozilla/5.0 (Macintosh; U; PPC Mac OS X 10_5_8) AppleWebKit/5322 (KHTML, like Gecko) Chrome/14.0.839.0 Safari/5322"""
"158.248.23.143 - - [22/Jan/2020:04:37:09 -0700] ""GET /wp-content HTTP/1.0"" 200 4998 ""http://www.vargas.org/index.htm"" ""Mozilla/5.0 (Windows 98; Win 9x 4.90; sl-SI; rv:1.9.1.20) Gecko/2017-12-03 08:58:42 Firefox/11.0"""
"104.111.166.233 - - [22/Jan/2020:04:39:53 -0700] ""GET /search/tag/list HTTP/1.0"" 200 4993 ""http://www.simon.net/"" ""Mozilla/5.0 (Macintosh; U; Intel Mac OS X 10_5_1) AppleWebKit/5321 (KHTML, like Gecko) Chrome/14.0.864.0 Safari/5321"""
"26.65.44.87 - - [22/Jan/2020:04:44:28 -0700] ""DELETE /explore HTTP/1.0"" 301 5024 ""http://www.taylor.org/posts/search/privacy.html"" ""Mozilla/5.0 (Windows NT 6.2; it-IT; rv:1.9.0.20) Gecko/2017-08-18 04:17:31 Firefox/7.0"""
"78.28.117.177 - - [22/Jan/2020:04:45:39 -0700] ""DELETE /posts/posts/explore HTTP/1.0"" 200 5096 ""http://www.harris-pineda.com/list/categories/tags/login/"" ""Mozilla/5.0 (X11; Linux x86_64) AppleWebKit/5310 (KHTML, like Gecko) Chrome/13.0.888.0 Safari/5310"""
"246.50.46.197 - - [22/Jan/2020:04:49:09 -0700] ""GET /explore HTTP/1.0"" 200 4942 ""http://www.williams-weaver.info/category/"" ""Mozilla/5.0 (Windows 95; en-US; rv:1.9.0.20) Gecko/2019-06-14 14:21:32 Firefox/3.8"""
"64.51.24.142 - - [22/Jan/2020:04:52:12 -0700] ""PUT /list HTTP/1.0"" 200 5015 ""http://www.dougherty-hamilton.com/categories/main/register/"" ""Opera/8.68.(X11; Linux x86_64; it-IT) Presto/2.9.189 Version/11.00"""
"242.38.216.123 - - [22/Jan/2020:04:55:34 -0700] ""PUT /wp-content HTTP/1.0"" 200 4986 ""http://daniels.biz/tag/list/register/"" ""Mozilla/5.0 (Windows 98) AppleWebKit/5362 (KHTML, like Gecko) Chrome/15.0.806.0 Safari/5362"""
"14.253.115.48 - - [22/Jan/2020:04:58:27 -0700] ""PUT /app/main/posts HTTP/1.0"" 200 4994 ""http://clark-chavez.biz/index.html"" ""Mozilla/5.0 (Macintosh; U; Intel Mac OS X 10_8_9; rv:1.9.2.20) Gecko/2011-10-08 18:56:07 Firefox/3.8"""
"17.51.84.19 - - [22/Jan/2020:05:01:44 -0700] ""POST /apps/cart.jsp?appID=7620 HTTP/1.0"" 200 4889 ""http://nicholson.com/about.asp"" ""Mozilla/5.0 (Windows CE; sl-SI; rv:1.9.1.20) Gecko/2015-01-18 07:03:36 Firefox/15.0"""
"49.197.19.14 - - [22/Jan/2020:05:04:07 -0700] ""PUT /apps/cart.jsp?appID=8345 HTTP/1.0"" 200 4954 ""http://alexander.com/register/"" ""Mozilla/5.0 (Windows NT 6.1) AppleWebKit/5360 (KHTML, like Gecko) Chrome/13.0.850.0 Safari/5360"""
"147.29.229.35 - - [22/Jan/2020:05:04:46 -0700] ""GET /posts/posts/explore HTTP/1.0"" 500 5095 ""http://www.dougherty.org/about/"" ""Mozilla/5.0 (X11; Linux x86_64) AppleWebKit/5362 (KHTML, like Gecko) Chrome/15.0.891.0 Safari/5362"""
"152.55.245.39 - - [22/Jan/2020:05:09:16 -0700] ""GET /list HTTP/1.0"" 404 5060 ""http://kidd-dean.com/main/"" ""Mozilla/5.0 (compatible; MSIE 9.0; Windows NT 5.0; Trident/4.1)"""
"218.178.36.36 - - [22/Jan/2020:05:11:24 -0700] ""GET /search/tag/list HTTP/1.0"" 200 4993 ""http://www.flores.com/explore/blog/search/login.jsp"" ""Mozilla/5.0 (X11; Linux x86_64; rv:1.9.7.20) Gecko/2013-01-28 18:42:30 Firefox/3.8"""
"101.50.43.120 - - [22/Jan/2020:05:15:00 -0700] ""PUT /list HTTP/1.0"" 200 5053 ""http://www.huerta.info/main.php"" ""Mozilla/5.0 (X11; Linux i686; rv:1.9.6.20) Gecko/2019-01-11 05:30:30 Firefox/3.8"""
"143.17.12.168 - - [22/Jan/2020:05:19:43 -0700] ""PUT /wp-content HTTP/1.0"" 200 5067 ""http://johnson.com/main/search/main/category/"" ""Mozilla/5.0 (Windows; U; Windows CE) AppleWebKit/531.5.2 (KHTML, like Gecko) Version/4.1 Safari/531.5.2"""
"87.219.30.83 - - [22/Jan/2020:05:23:39 -0700] ""GET /app/main/posts HTTP/1.0"" 200 4979 ""http://murray-taylor.org/tags/terms.asp"" ""Mozilla/5.0 (X11; Linux i686; rv:1.9.7.20) Gecko/2018-07-27 21:00:12 Firefox/15.0"""
"175.146.108.2 - - [22/Jan/2020:05:27:08 -0700] ""PUT /wp-content HTTP/1.0"" 200 5001 ""http://www.williams.biz/"" ""Mozilla/5.0 (Windows 98; Win 9x 4.90; en-US; rv:1.9.0.20) Gecko/2015-05-15 02:22:32 Firefox/3.6.19"""
"57.114.136.43 - - [22/Jan/2020:05:31:15 -0700] ""PUT /apps/cart.jsp?appID=8390 HTTP/1.0"" 200 4988 ""http://www.bautista-fry.info/author/"" ""Mozilla/5.0 (X11; Linux x86_64; rv:1.9.6.20) Gecko/2018-06-13 21:10:05 Firefox/3.6.3"""
"131.134.124.94 - - [22/Jan/2020:05:34:40 -0700] ""GET /apps/cart.jsp?appID=3628 HTTP/1.0"" 200 4980 ""http://middleton-reynolds.com/blog/faq.htm"" ""Mozilla/5.0 (Windows; U; Windows NT 5.1) AppleWebKit/534.8.4 (KHTML, like Gecko) Version/4.1 Safari/534.8.4"""
"145.95.205.182 - - [22/Jan/2020:05:37:03 -0700] ""GET /wp-admin HTTP/1.0"" 200 5042 ""http://sweeney.com/register/"" ""Mozilla/5.0 (X11; Linux i686; rv:1.9.6.20) Gecko/2012-10-13 12:48:03 Firefox/3.6.1"""
"228.201.63.117 - - [22/Jan/2020:05:39:39 -0700] ""GET /apps/cart.jsp?appID=8698 HTTP/1.0"" 200 4955 ""http://leon-hanna.com/index/"" ""Mozilla/5.0 (Windows NT 6.2) AppleWebKit/5321 (KHTML, like Gecko) Chrome/15.0.882.0 Safari/5321"""
"96.74.242.91 - - [22/Jan/2020:05:41:32 -0700] ""PUT /wp-content HTTP/1.0"" 404 4936 ""http://www.johnson.com/category/tag/tags/author.php"" ""Mozilla/5.0 (X11; Linux i686) AppleWebKit/5312 (KHTML, like Gecko) Chrome/15.0.895.0 Safari/5312"""
"226.94.6.40 - - [22/Jan/2020:05:44:00 -0700] ""POST /list HTTP/1.0"" 200 4969 ""http://walker-meyer.com/tag/about/"" ""Mozilla/5.0 (X11; Linux i686) AppleWebKit/5361 (KHTML, like Gecko) Chrome/14.0.808.0 Safari/5361"""
"156.197.120.160 - - [22/Jan/2020:05:44:59 -0700] ""PUT /apps/cart.jsp?appID=2417 HTTP/1.0"" 200 4991 ""http://www.sherman.com/categories/tag/blog/category.htm"" ""Mozilla/5.0 (X11; Linux i686) AppleWebKit/5340 (KHTML, like Gecko) Chrome/14.0.832.0 Safari/5340"""
"114.181.158.165 - - [22/Jan/2020:05:45:29 -0700] ""GET /wp-content HTTP/1.0"" 200 5003 ""http://www.gutierrez.biz/blog/author.htm"" ""Mozilla/5.0 (X11; Linux i686; rv:1.9.7.20) Gecko/2010-05-19 02:21:01 Firefox/3.6.8"""
"8.235.155.140 - - [22/Jan/2020:05:50:00 -0700] ""GET /search/tag/list HTTP/1.0"" 200 4989 ""http://rice-wright.com/about.asp"" ""Mozilla/5.0 (Macintosh; U; Intel Mac OS X 10_8_2; rv:1.9.3.20) Gecko/2014-05-21 22:11:26 Firefox/14.0"""
"245.122.135.200 - - [22/Jan/2020:05:53:28 -0700] ""GET /app/main/posts HTTP/1.0"" 200 4981 ""http://tanner.com/home.htm"" ""Mozilla/5.0 (Macintosh; U; Intel Mac OS X 10_6_8; rv:1.9.2.20) Gecko/2011-12-03 09:03:21 Firefox/3.8"""
"23.74.26.104 - - [22/Jan/2020:05:54:18 -0700] ""DELETE /app/main/posts HTTP/1.0"" 404 4969 ""http://campbell-edwards.com/terms.html"" ""Mozilla/5.0 (X11; Linux x86_64) AppleWebKit/5351 (KHTML, like Gecko) Chrome/15.0.823.0 Safari/5351"""
"153.205.135.119 - - [22/Jan/2020:05:56:03 -0700] ""DELETE /search/tag/list HTTP/1.0"" 404 4968 ""http://www.cruz.com/search/"" ""Mozilla/5.0 (Windows 95; sl-SI; rv:1.9.2.20) Gecko/2015-08-06 08:54:38 Firefox/3.6.13"""
"47.236.66.11 - - [22/Jan/2020:05:59:50 -0700] ""GET /posts/posts/explore HTTP/1.0"" 200 5049 ""http://www.hernandez-gillespie.biz/"" ""Mozilla/5.0 (Windows 98; it-IT; rv:1.9.0.20) Gecko/2011-09-10 21:06:42 Firefox/3.8"""
"66.175.184.51 - - [22/Jan/2020:06:01:18 -0700] ""POST /wp-content HTTP/1.0"" 200 4970 ""http://www.jackson-obrien.org/list/search/list/about/"" ""Mozilla/5.0 (Windows NT 5.2) AppleWebKit/5352 (KHTML, like Gecko) Chrome/14.0.811.0 Safari/5352"""
"50.26.82.195 - - [22/Jan/2020:06:02:53 -0700] ""GET /wp-content HTTP/1.0"" 200 4972 ""http://www.doyle.biz/"" ""Mozilla/5.0 (Windows; U; Windows CE) AppleWebKit/534.1.4 (KHTML, like Gecko) Version/5.0.1 Safari/534.1.4"""
"133.244.82.130 - - [22/Jan/2020:06:06:04 -0700] ""PUT /search/tag/list HTTP/1.0"" 200 5019 ""http://www.hernandez.com/category/categories/home/"" ""Mozilla/5.0 (Macintosh; U; Intel Mac OS X 10_5_7) AppleWebKit/5342 (KHTML, like Gecko) Chrome/13.0.882.0 Safari/5342"""
"201.140.203.28 - - [22/Jan/2020:06:10:59 -0700] ""GET /posts/posts/explore HTTP/1.0"" 500 5028 ""http://nunez.com/faq.asp"" ""Mozilla/5.0 (Windows NT 5.1) AppleWebKit/5321 (KHTML, like Gecko) Chrome/15.0.882.0 Safari/5321"""
"40.214.98.223 - - [22/Jan/2020:06:14:03 -0700] ""GET /wp-admin HTTP/1.0"" 200 4928 ""http://gilbert-kelly.com/login.html"" ""Mozilla/5.0 (X11; Linux i686; rv:1.9.6.20) Gecko/2016-01-07 22:19:16 Firefox/3.6.19"""
"157.213.130.161 - - [22/Jan/2020:06:16:36 -0700] ""POST /explore HTTP/1.0"" 200 4958 ""http://www.carlson-sanchez.info/app/home.html"" ""Mozilla/5.0 (X11; Linux x86_64; rv:1.9.6.20) Gecko/2011-06-23 21:33:06 Firefox/3.6.1"""
"253.159.91.50 - - [22/Jan/2020:06:18:49 -0700] ""DELETE /explore HTTP/1.0"" 200 4974 ""http://rogers.com/privacy.php"" ""Mozilla/5.0 (Macintosh; Intel Mac OS X 10_6_6) AppleWebKit/5342 (KHTML, like Gecko) Chrome/13.0.888.0 Safari/5342"""
"165.122.147.86 - - [22/Jan/2020:06:20:13 -0700] ""POST /posts/posts/explore HTTP/1.0"" 200 5001 ""http://www.sawyer.info/post/"" ""Opera/8.74.(Windows NT 6.2; en-US) Presto/2.9.180 Version/12.00"""
"253.224.80.121 - - [22/Jan/2020:06:22:19 -0700] ""PUT /app/main/posts HTTP/1.0"" 200 5013 ""http://www.miles.com/post.html"" ""Mozilla/5.0 (Windows NT 5.2; it-IT; rv:1.9.2.20) Gecko/2013-04-20 01:46:13 Firefox/3.6.6"""
"3.157.45.117 - - [22/Jan/2020:06:23:15 -0700] ""GET /explore HTTP/1.0"" 200 4999 ""http://mendez.com/"" ""Mozilla/5.0 (X11; Linux x86_64) AppleWebKit/5350 (KHTML, like Gecko) Chrome/13.0.815.0 Safari/5350"""
"14.185.22.106 - - [22/Jan/2020:06:25:39 -0700] ""GET /apps/cart.jsp?appID=6805 HTTP/1.0"" 200 4995 ""http://www.owens-morrison.com/category.asp"" ""Mozilla/5.0 (Macintosh; Intel Mac OS X 10_5_2) AppleWebKit/5340 (KHTML, like Gecko) Chrome/13.0.863.0 Safari/5340"""
"64.169.116.187 - - [22/Jan/2020:06:26:48 -0700] ""GET /apps/cart.jsp?appID=5940 HTTP/1.0"" 200 5008 ""http://allison.biz/home/"" ""Mozilla/5.0 (Macintosh; PPC Mac OS X 10_6_9) AppleWebKit/5330 (KHTML, like Gecko) Chrome/14.0.801.0 Safari/5330"""
"186.17.200.66 - - [22/Jan/2020:06:30:34 -0700] ""PUT /search/tag/list HTTP/1.0"" 200 4980 ""http://www.johnson.biz/"" ""Mozilla/5.0 (X11; Linux x86_64) AppleWebKit/5351 (KHTML, like Gecko) Chrome/13.0.812.0 Safari/5351"""
"10.195.51.157 - - [22/Jan/2020:06:35:12 -0700] ""PUT /wp-content HTTP/1.0"" 200 4994 ""http://www.gonzales.com/index.php"" ""Mozilla/5.0 (compatible; MSIE 6.0; Windows NT 5.0; Trident/4.1)"""
"88.178.36.231 - - [22/Jan/2020:06:39:19 -0700] ""GET /list HTTP/1.0"" 200 4995 ""http://www.long.net/homepage/"" ""Mozilla/5.0 (X11; Linux i686; rv:1.9.7.20) Gecko/2012-03-27 04:59:13 Firefox/3.8"""
"14.216.91.239 - - [22/Jan/2020:06:43:38 -0700] ""PUT /wp-admin HTTP/1.0"" 200 4991 ""http://spencer-murphy.net/"" ""Mozilla/5.0 (Macintosh; Intel Mac OS X 10_5_6; rv:1.9.6.20) Gecko/2010-06-29 03:40:25 Firefox/3.6.9"""
"209.80.137.117 - - [22/Jan/2020:06:44:11 -0700] ""DELETE /wp-admin HTTP/1.0"" 404 4964 ""http://www.adams-gomez.com/main/homepage.html"" ""Mozilla/5.0 (Macintosh; PPC Mac OS X 10_6_7) AppleWebKit/5342 (KHTML, like Gecko) Chrome/14.0.862.0 Safari/5342"""
"206.8.231.44 - - [22/Jan/2020:06:48:13 -0700] ""PUT /app/main/posts HTTP/1.0"" 200 4942 ""http://hawkins-myers.com/main.htm"" ""Mozilla/5.0 (X11; Linux x86_64; rv:1.9.5.20) Gecko/2017-01-01 02:18:01 Firefox/10.0"""
"25.175.163.173 - - [22/Jan/2020:06:50:17 -0700] ""POST /posts/posts/explore HTTP/1.0"" 200 4991 ""http://knight.com/search.html"" ""Mozilla/5.0 (X11; Linux i686; rv:1.9.6.20) Gecko/2011-06-16 02:09:35 Firefox/13.0"""
"234.137.218.102 - - [22/Jan/2020:06:55:03 -0700] ""GET /explore HTTP/1.0"" 200 5013 ""http://www.mcintyre.com/main/"" ""Mozilla/5.0 (X11; Linux x86_64) AppleWebKit/5362 (KHTML, like Gecko) Chrome/14.0.833.0 Safari/5362"""
"217.119.86.222 - - [22/Jan/2020:06:55:36 -0700] ""GET /list HTTP/1.0"" 200 4984 ""http://herrera.net/about.html"" ""Mozilla/5.0 (compatible; MSIE 9.0; Windows 98; Trident/5.0)"""
"10.255.178.254 - - [22/Jan/2020:06:58:01 -0700] ""PUT /explore HTTP/1.0"" 200 4963 ""http://www.williams-martinez.com/"" ""Mozilla/5.0 (Macintosh; U; Intel Mac OS X 10_8_3; rv:1.9.3.20) Gecko/2013-08-15 05:30:42 Firefox/12.0"""
"92.121.179.64 - - [22/Jan/2020:07:02:45 -0700] ""GET /explore HTTP/1.0"" 200 5040 ""http://sheppard.com/login/"" ""Mozilla/5.0 (Windows NT 4.0; it-IT; rv:1.9.0.20) Gecko/2012-05-09 17:58:06 Firefox/3.8"""
"10.6.160.72 - - [22/Jan/2020:07:03:36 -0700] ""GET /posts/posts/explore HTTP/1.0"" 200 4991 ""http://www.wu.com/"" ""Opera/9.18.(X11; Linux i686; sl-SI) Presto/2.9.184 Version/11.00"""
"75.191.158.86 - - [22/Jan/2020:07:05:19 -0700] ""GET /wp-admin HTTP/1.0"" 200 5094 ""http://www.dixon.com/"" ""Opera/9.45.(X11; Linux x86_64; en-US) Presto/2.9.169 Version/12.00"""
"40.131.57.226 - - [22/Jan/2020:07:06:18 -0700] ""GET /list HTTP/1.0"" 200 5043 ""http://www.smith.com/wp-content/tag/tags/category/"" ""Mozilla/5.0 (X11; Linux x86_64; rv:1.9.7.20) Gecko/2014-12-02 10:13:35 Firefox/3.6.5"""
"162.136.134.59 - - [22/Jan/2020:07:08:12 -0700] ""DELETE /apps/cart.jsp?appID=3857 HTTP/1.0"" 200 4966 ""http://www.rogers.com/main.html"" ""Mozilla/5.0 (Windows NT 5.1; it-IT; rv:1.9.0.20) Gecko/2010-04-24 10:56:04 Firefox/3.8"""
"92.10.99.78 - - [22/Jan/2020:07:11:11 -0700] ""POST /posts/posts/explore HTTP/1.0"" 200 5002 ""http://www.ramos.org/explore/post.htm"" ""Mozilla/5.0 (Macintosh; U; PPC Mac OS X 10_7_3 rv:6.0; en-US) AppleWebKit/532.34.6 (KHTML, like Gecko) Version/5.0 Safari/532.34.6"""
"1.169.46.72 - - [22/Jan/2020:07:12:54 -0700] ""PUT /wp-admin HTTP/1.0"" 200 4983 ""http://sheppard-brown.com/search.php"" ""Mozilla/5.0 (Windows 98; it-IT; rv:1.9.1.20) Gecko/2015-05-27 18:44:53 Firefox/6.0"""
"247.16.106.133 - - [22/Jan/2020:07:13:42 -0700] ""GET /wp-admin HTTP/1.0"" 200 5006 ""http://ramsey.biz/"" ""Opera/8.41.(Windows NT 6.0; it-IT) Presto/2.9.176 Version/11.00"""
"49.42.78.199 - - [22/Jan/2020:07:16:20 -0700] ""GET /app/main/posts HTTP/1.0"" 200 4987 ""http://www.schultz.com/privacy/"" ""Mozilla/5.0 (Windows CE) AppleWebKit/5340 (KHTML, like Gecko) Chrome/13.0.826.0 Safari/5340"""
"147.20.56.104 - - [22/Jan/2020:07:18:34 -0700] ""PUT /wp-admin HTTP/1.0"" 200 4979 ""http://hall-marshall.info/faq.html"" ""Mozilla/5.0 (compatible; MSIE 5.0; Windows NT 5.0; Trident/5.0)"""
"94.217.151.214 - - [22/Jan/2020:07:21:24 -0700] ""PUT /wp-content HTTP/1.0"" 200 4996 ""http://www.garrison.org/"" ""Mozilla/5.0 (Macintosh; U; PPC Mac OS X 10_8_1; rv:1.9.5.20) Gecko/2018-09-24 03:00:01 Firefox/3.8"""
"109.161.171.230 - - [22/Jan/2020:07:25:34 -0700] ""GET /app/main/posts HTTP/1.0"" 500 5036 ""http://www.mccullough.com/category.php"" ""Mozilla/5.0 (X11; Linux x86_64; rv:1.9.6.20) Gecko/2015-07-29 13:24:37 Firefox/3.8"""
"47.198.67.43 - - [22/Jan/2020:07:28:10 -0700] ""GET /app/main/posts HTTP/1.0"" 200 4942 ""http://petersen-sellers.info/blog/tag/home.asp"" ""Mozilla/5.0 (Macintosh; Intel Mac OS X 10_7_3) AppleWebKit/5310 (KHTML, like Gecko) Chrome/15.0.815.0 Safari/5310"""
"233.58.35.203 - - [22/Jan/2020:07:31:35 -0700] ""GET /explore HTTP/1.0"" 200 4927 ""http://www.rios-bryant.com/explore/list/categories/faq.html"" ""Mozilla/5.0 (iPod; U; CPU iPhone OS 3_0 like Mac OS X; en-US) AppleWebKit/533.45.1 (KHTML, like Gecko) Version/3.0.5 Mobile/8B111 Safari/6533.45.1"""
"4.72.114.65 - - [22/Jan/2020:07:35:28 -0700] ""PUT /posts/posts/explore HTTP/1.0"" 200 4952 ""http://johnson.net/privacy/"" ""Mozilla/5.0 (Windows NT 4.0) AppleWebKit/5361 (KHTML, like Gecko) Chrome/15.0.882.0 Safari/5361"""
"47.242.254.170 - - [22/Jan/2020:07:39:31 -0700] ""GET /apps/cart.jsp?appID=6303 HTTP/1.0"" 200 5017 ""http://mosley.com/privacy.html"" ""Mozilla/5.0 (compatible; MSIE 5.0; Windows NT 5.1; Trident/3.1)"""
"167.34.227.192 - - [22/Jan/2020:07:41:35 -0700] ""DELETE /wp-admin HTTP/1.0"" 404 4967 ""http://davis.com/"" ""Mozilla/5.0 (X11; Linux i686; rv:1.9.5.20) Gecko/2010-04-15 21:16:58 Firefox/3.6.10"""
"35.154.61.143 - - [22/Jan/2020:07:46:02 -0700] ""GET /search/tag/list HTTP/1.0"" 200 4969 ""http://sellers.org/"" ""Mozilla/5.0 (Windows; U; Windows NT 4.0) AppleWebKit/535.44.7 (KHTML, like Gecko) Version/4.0 Safari/535.44.7"""
"17.131.35.12 - - [22/Jan/2020:07:50:34 -0700] ""GET /posts/posts/explore HTTP/1.0"" 200 5059 ""http://whitaker.biz/app/faq.php"" ""Mozilla/5.0 (Macintosh; U; Intel Mac OS X 10_7_1; rv:1.9.5.20) Gecko/2017-01-19 14:58:27 Firefox/9.0"""
"160.95.154.84 - - [22/Jan/2020:07:55:26 -0700] ""PUT /list HTTP/1.0"" 200 4950 ""http://www.kelly.biz/tag/tags/category/"" ""Mozilla/5.0 (Windows 98; Win 9x 4.90; en-US; rv:1.9.2.20) Gecko/2011-06-14 09:01:02 Firefox/14.0"""
"236.132.150.100 - - [22/Jan/2020:07:58:57 -0700] ""PUT /search/tag/list HTTP/1.0"" 200 5021 ""http://www.wang-benton.info/about.asp"" ""Mozilla/5.0 (Windows; U; Windows 98; Win 9x 4.90) AppleWebKit/535.4.6 (KHTML, like Gecko) Version/4.1 Safari/535.4.6"""
"153.199.15.70 - - [22/Jan/2020:08:01:03 -0700] ""PUT /apps/cart.jsp?appID=5213 HTTP/1.0"" 200 4978 ""http://www.brown-garcia.com/search/category/about.html"" ""Mozilla/5.0 (Macintosh; U; Intel Mac OS X 10_7_7) AppleWebKit/5341 (KHTML, like Gecko) Chrome/13.0.839.0 Safari/5341"""
"102.89.111.34 - - [22/Jan/2020:08:04:27 -0700] ""GET /apps/cart.jsp?appID=3578 HTTP/1.0"" 200 5114 ""http://davis.com/search.php"" ""Mozilla/5.0 (Macintosh; U; PPC Mac OS X 10_5_3; rv:1.9.5.20) Gecko/2011-10-13 16:19:03 Firefox/4.0"""
"110.37.16.220 - - [22/Jan/2020:08:06:34 -0700] ""PUT /apps/cart.jsp?appID=2089 HTTP/1.0"" 200 4986 ""http://www.dillon.net/"" ""Mozilla/5.0 (Windows 95) AppleWebKit/5310 (KHTML, like Gecko) Chrome/15.0.899.0 Safari/5310"""
"222.130.168.2 - - [22/Jan/2020:08:09:34 -0700] ""GET /wp-content HTTP/1.0"" 404 5016 ""http://ramsey.com/"" ""Mozilla/5.0 (Windows NT 5.1) AppleWebKit/5340 (KHTML, like Gecko) Chrome/13.0.845.0 Safari/5340"""
"132.188.180.236 - - [22/Jan/2020:08:10:57 -0700] ""GET /wp-admin HTTP/1.0"" 301 4982 ""http://www.clark.com/list/privacy.html"" ""Mozilla/5.0 (Macintosh; Intel Mac OS X 10_8_8; rv:1.9.6.20) Gecko/2011-11-06 17:07:38 Firefox/3.8"""
"54.228.130.184 - - [22/Jan/2020:08:15:52 -0700] ""GET /search/tag/list HTTP/1.0"" 200 5001 ""http://west.com/home/"" ""Mozilla/5.0 (Macintosh; PPC Mac OS X 10_5_8; rv:1.9.5.20) Gecko/2017-04-02 06:43:59 Firefox/3.8"""
"14.106.246.109 - - [22/Jan/2020:08:19:14 -0700] ""POST /explore HTTP/1.0"" 200 4987 ""http://kelly-jordan.com/faq.html"" ""Mozilla/5.0 (X11; Linux i686; rv:1.9.5.20) Gecko/2018-10-12 18:16:56 Firefox/3.6.19"""
"164.52.52.171 - - [22/Jan/2020:08:23:21 -0700] ""GET /search/tag/list HTTP/1.0"" 200 4941 ""http://www.moreno.net/faq.htm"" ""Mozilla/5.0 (Windows CE; it-IT; rv:1.9.0.20) Gecko/2013-07-31 03:35:13 Firefox/3.8"""
"204.43.149.169 - - [22/Jan/2020:08:28:09 -0700] ""PUT /app/main/posts HTTP/1.0"" 200 5093 ""http://www.peterson-brown.org/terms/"" ""Mozilla/5.0 (Windows NT 4.0) AppleWebKit/5352 (KHTML, like Gecko) Chrome/13.0.855.0 Safari/5352"""
"200.188.49.172 - - [22/Jan/2020:08:30:52 -0700] ""GET /apps/cart.jsp?appID=2099 HTTP/1.0"" 200 5032 ""http://stephenson.com/search/category/explore/login.asp"" ""Mozilla/5.0 (compatible; MSIE 7.0; Windows 95; Trident/4.1)"""
"240.132.16.8 - - [22/Jan/2020:08:34:48 -0700] ""GET /search/tag/list HTTP/1.0"" 200 5035 ""http://www.coleman.com/categories/app/wp-content/terms/"" ""Mozilla/5.0 (Macintosh; U; PPC Mac OS X 10_8_3; rv:1.9.3.20) Gecko/2016-10-05 13:57:25 Firefox/3.6.3"""
"187.175.89.87 - - [22/Jan/2020:08:36:19 -0700] ""DELETE /wp-content HTTP/1.0"" 200 5022 ""http://hernandez-dawson.com/search/explore/tag/login.html"" ""Mozilla/5.0 (Macintosh; U; PPC Mac OS X 10_6_6) AppleWebKit/5310 (KHTML, like Gecko) Chrome/15.0.833.0 Safari/5310"""
"87.246.1.186 - - [22/Jan/2020:08:38:53 -0700] ""GET /posts/posts/explore HTTP/1.0"" 404 5010 ""http://kelly-freeman.info/category/post.html"" ""Mozilla/5.0 (Windows NT 4.0; sl-SI; rv:1.9.2.20) Gecko/2013-07-11 23:52:51 Firefox/3.8"""
"218.248.105.232 - - [22/Jan/2020:08:41:26 -0700] ""GET /search/tag/list HTTP/1.0"" 200 5002 ""http://www.glenn-hughes.net/categories/wp-content/blog/about.html"" ""Mozilla/5.0 (Macintosh; PPC Mac OS X 10_5_9; rv:1.9.2.20) Gecko/2016-01-07 18:35:46 Firefox/6.0"""
"22.80.93.189 - - [22/Jan/2020:08:46:09 -0700] ""DELETE /wp-admin HTTP/1.0"" 200 4992 ""http://www.fernandez.net/index/"" ""Mozilla/5.0 (X11; Linux i686) AppleWebKit/5310 (KHTML, like Gecko) Chrome/13.0.856.0 Safari/5310"""
"7.14.214.175 - - [22/Jan/2020:08:50:11 -0700] ""PUT /explore HTTP/1.0"" 200 4986 ""http://www.macias.com/tag/post/"" ""Mozilla/5.0 (X11; Linux i686; rv:1.9.6.20) Gecko/2018-11-14 05:32:48 Firefox/3.8"""
"218.4.137.98 - - [22/Jan/2020:08:54:19 -0700] ""GET /list HTTP/1.0"" 200 4904 ""http://howell.net/"" ""Mozilla/5.0 (Windows CE) AppleWebKit/5311 (KHTML, like Gecko) Chrome/14.0.849.0 Safari/5311"""
"0.97.110.113 - - [22/Jan/2020:08:55:56 -0700] ""GET /wp-admin HTTP/1.0"" 200 4998 ""http://kennedy.com/"" ""Mozilla/5.0 (Windows NT 6.2) AppleWebKit/5322 (KHTML, like Gecko) Chrome/13.0.826.0 Safari/5322"""
"25.14.139.16 - - [22/Jan/2020:08:56:37 -0700] ""GET /wp-content HTTP/1.0"" 200 4959 ""http://estes-salinas.com/main/terms/"" ""Mozilla/5.0 (Windows NT 5.1; it-IT; rv:1.9.1.20) Gecko/2011-04-16 13:41:58 Firefox/3.8"""
"13.158.4.95 - - [22/Jan/2020:09:01:08 -0700] ""GET /apps/cart.jsp?appID=1003 HTTP/1.0"" 200 5023 ""http://brown.info/index/"" ""Mozilla/5.0 (Windows; U; Windows CE) AppleWebKit/533.4.5 (KHTML, like Gecko) Version/5.0.4 Safari/533.4.5"""
"126.54.44.215 - - [22/Jan/2020:09:04:17 -0700] ""GET /search/tag/list HTTP/1.0"" 200 4962 ""http://lopez.com/categories/privacy.htm"" ""Mozilla/5.0 (iPod; U; CPU iPhone OS 3_1 like Mac OS X; sl-SI) AppleWebKit/535.39.5 (KHTML, like Gecko) Version/3.0.5 Mobile/8B114 Safari/6535.39.5"""
"150.22.1.59 - - [22/Jan/2020:09:05:55 -0700] ""GET /wp-admin HTTP/1.0"" 301 4950 ""http://www.may.biz/categories/tags/search/main.jsp"" ""Mozilla/5.0 (Windows NT 6.1; it-IT; rv:1.9.0.20) Gecko/2014-07-16 04:39:44 Firefox/13.0"""
"41.223.70.253 - - [22/Jan/2020:09:07:47 -0700] ""POST /list HTTP/1.0"" 200 4947 ""http://www.butler-lucas.com/categories/wp-content/home/"" ""Mozilla/5.0 (X11; Linux x86_64) AppleWebKit/5352 (KHTML, like Gecko) Chrome/14.0.830.0 Safari/5352"""
"65.75.56.38 - - [22/Jan/2020:09:08:46 -0700] ""GET /app/main/posts HTTP/1.0"" 200 5066 ""http://www.nunez.com/terms.htm"" ""Mozilla/5.0 (compatible; MSIE 5.0; Windows NT 6.2; Trident/4.0)"""
"41.138.87.178 - - [22/Jan/2020:09:13:42 -0700] ""GET /search/tag/list HTTP/1.0"" 200 4980 ""http://www.rodriguez.info/tags/search/tags/login/"" ""Mozilla/5.0 (Windows 98) AppleWebKit/5330 (KHTML, like Gecko) Chrome/13.0.827.0 Safari/5330"""
"61.230.247.125 - - [22/Jan/2020:09:18:19 -0700] ""POST /list HTTP/1.0"" 200 5042 ""http://www.jones.com/wp-content/privacy/"" ""Mozilla/5.0 (Windows NT 4.0; sl-SI; rv:1.9.0.20) Gecko/2014-10-12 02:16:47 Firefox/15.0"""
"109.101.23.106 - - [22/Jan/2020:09:22:59 -0700] ""GET /apps/cart.jsp?appID=8077 HTTP/1.0"" 200 5009 ""http://stephenson-knight.com/posts/wp-content/categories/about.htm"" ""Mozilla/5.0 (Windows NT 4.0) AppleWebKit/5311 (KHTML, like Gecko) Chrome/14.0.868.0 Safari/5311"""
"226.90.246.183 - - [22/Jan/2020:09:25:55 -0700] ""GET /apps/cart.jsp?appID=5640 HTTP/1.0"" 200 5099 ""http://www.ferguson.net/faq/"" ""Mozilla/5.0 (X11; Linux x86_64; rv:1.9.7.20) Gecko/2017-09-02 21:07:49 Firefox/3.6.2"""
"193.219.223.177 - - [22/Jan/2020:09:27:02 -0700] ""DELETE /list HTTP/1.0"" 200 5041 ""http://robertson.com/homepage.htm"" ""Mozilla/5.0 (X11; Linux x86_64; rv:1.9.7.20) Gecko/2012-01-11 17:50:51 Firefox/3.6.3"""
"228.177.162.16 - - [22/Jan/2020:09:29:02 -0700] ""GET /explore HTTP/1.0"" 200 5073 ""http://www.brown-marsh.com/wp-content/posts/search/faq/"" ""Mozilla/5.0 (Macintosh; Intel Mac OS X 10_5_2; rv:1.9.4.20) Gecko/2016-12-03 19:06:58 Firefox/3.6.4"""
"219.71.176.29 - - [22/Jan/2020:09:34:00 -0700] ""GET /wp-admin HTTP/1.0"" 200 5064 ""http://www.thomas.com/categories/explore/index/"" ""Mozilla/5.0 (Macintosh; U; PPC Mac OS X 10_8_2; rv:1.9.4.20) Gecko/2016-07-27 06:19:48 Firefox/3.6.8"""
"185.73.19.30 - - [22/Jan/2020:09:37:25 -0700] ""PUT /list HTTP/1.0"" 200 5010 ""http://odom-donaldson.com/"" ""Mozilla/5.0 (X11; Linux x86_64) AppleWebKit/5361 (KHTML, like Gecko) Chrome/13.0.880.0 Safari/5361"""
